 2.40, 8.65, 2.49
 2.17, 8.76, 2.74
 2.47, 8.59, 2.58
 2.13, 8.03, 1.21
 1.83, 7.65, 1.70
 2.03, 8.49, 2.77
 0.90, 7.30, 2.17
 2.15, 7.36, 1.05
 1.95, 7.62, 1.67
 3.30, 8.86, 1.89
 1.39, 7.62, 1.90
 1.98, 7.75, 1.80
 1.70, 7.88, 1.53
 2.44, 8.14, 2.22
 0.97, 8.34, 2.72
 2.60, 8.29, 2.14
 0.72, 6.98, 1.91
 2.22, 8.50, 2.08
 1.89, 7.69, 2.39
 1.22, 7.14, 1.26
 1.36, 7.01, 0.94
 1.24, 7.44, 1.27
 1.84, 7.76, 2.15
 1.80, 7.97, 1.82
 0.61, 6.89, 2.14
 1.11, 7.96, 2.53
 2.56, 9.32, 2.76
 2.91, 7.81, 1.60
 2.38, 8.54, 2.86
 1.95, 7.56, 1.74
 1.28, 8.23, 3.02
 1.50, 8.25, 2.17
 2.65, 7.80, 2.47
 2.63, 8.10, 1.96
 5.17, 7.09, 3.48
 5.54, 7.45, 3.80
 6.43, 7.99, 3.15
 6.24, 8.33, 3.69
 6.30, 8.59, 4.22
 6.18, 7.81, 4.74
 6.66, 8.79, 3.93
 4.97, 6.71, 2.56
 7.00, 8.50, 4.21
 6.37, 7.73, 3.91
 6.32, 8.74, 4.16
 6.17, 7.41, 3.34
 6.32, 8.45, 4.26
 5.39, 7.87, 3.98
 5.99, 8.40, 3.78
 5.56, 7.11, 3.61
 4.76, 7.81, 4.33
 6.73, 8.16, 3.83
 6.66, 8.15, 4.15
 5.88, 8.52, 4.20
 5.71, 8.40, 4.99
 6.07, 8.23, 3.53
 6.39, 7.59, 3.45
 5.91, 7.70, 4.39
 6.08, 8.32, 4.34
 6.07, 8.93, 4.47
 5.66, 7.69, 3.95
 5.82, 7.86, 3.41
 5.65, 7.35, 3.37
 6.09, 7.87, 4.59
 5.97, 8.22, 4.49
 5.37, 7.66, 4.10
 5.73, 7.85, 3.59
 6.10, 7.69, 3.72
 6.12, 8.17, 4.10
 4.78, 7.96, 5.31
 2.87, 3.66, 1.01
 3.49, 5.94, 3.55
 2.66, 5.15, 3.26
 2.64, 4.56, 2.26
 2.91, 5.34, 3.46
 3.78, 5.55, 3.13
 3.04, 5.65, 3.41
 3.24, 5.20, 2.98
 2.62, 5.37, 3.21
 2.97, 4.70, 3.07
 2.98, 5.17, 2.73
 3.51, 4.98, 3.44
 2.33, 4.90, 3.08
 3.29, 6.17, 3.93
 2.32, 5.50, 3.69
 3.74, 5.83, 3.62
 3.25, 5.01, 2.70
 3.47, 5.66, 3.13
 2.76, 4.40, 3.03
 3.95, 5.61, 3.60
 3.37, 6.26, 3.38
 2.61, 4.03, 2.52
 2.67, 5.00, 2.64
 3.33, 4.89, 2.04
 3.79, 5.11, 2.51
 3.34, 5.19, 2.93
 2.87, 4.46, 2.02
 2.63, 5.85, 4.11
 2.16, 4.84, 2.86
 2.71, 4.20, 3.14
 2.45, 5.21, 2.52
 4.08, 5.69, 2.90
 2.91, 4.50, 2.60
 2.58, 4.47, 2.33
 3.46, 5.74, 3.62
 2.68, 4.01, 2.41
 2.28, 4.80, 3.20
 3.17, 5.92, 3.83
 3.10, 4.22, 2.09
 2.68, 5.28, 3.75
 7.23, 4.89, 1.85
 6.86, 4.12, 1.40
 7.09, 4.47, 2.28
 7.37, 4.38, 1.81
 8.08, 5.36, 1.77
 6.28, 3.58, 1.40
 7.20, 3.84, 1.19
 7.25, 4.01, 1.45
 6.91, 4.01, 1.05
 6.62, 3.31, 0.69
 6.57, 2.74, 0.52
 6.95, 3.67, 1.22
 7.68, 4.51, 1.73
 7.20, 3.95, 0.60
 7.57, 4.35, 1.73
 6.77, 3.42, 0.95
 6.28, 3.25, 1.32
 7.37, 3.39, 0.09
 7.34, 3.82, 0.57
 6.88, 3.88, 2.16
 7.10, 3.82, 0.80
 7.07, 4.27, 1.55
 7.16, 4.11, 1.67
 6.99, 3.53, 0.73
 7.68, 3.98, 1.18
 6.57, 3.48, 1.02
 6.24, 3.80, 1.72
 6.10, 2.90, 1.32
 5.99, 3.50, 1.46
 6.93, 3.61, 0.88
 7.25, 4.82, 2.02
 6.32, 3.20, 0.66
 6.94, 3.69, 0.93
 6.44, 4.24, 2.05
 7.28, 4.57, 1.68
 6.74, 4.37, 1.97
 2.85, 1.93, 4.43
 3.05, 1.95, 5.04
 4.19, 2.66, 5.27
 2.40, 1.12, 4.62
 3.01, 2.01, 4.94
 2.16, 1.90, 5.51
 3.20, 2.56, 5.75
 2.90, 1.34, 5.03
 3.37, 1.86, 4.69
 3.48, 2.32, 5.03
 2.74, 1.70, 5.19
 2.96, 1.49, 4.76
 2.97, 1.79, 4.83
 3.08, 2.81, 5.23
 2.84, 2.35, 5.85
 3.06, 2.09, 4.85
 2.34, 1.17, 4.27
 3.49, 2.45, 5.55
 2.94, 1.44, 4.60
 2.31, 1.27, 5.41
 2.24, 1.78, 5.09
 3.11, 1.74, 4.36
 3.01, 1.90, 4.69
 3.23, 2.55, 5.16
 2.85, 1.40, 4.86
 3.04, 1.72, 4.96
 3.43, 2.33, 5.21
 2.25, 1.10, 4.30
 3.22, 2.90, 5.41
 2.72, 1.68, 4.41
 2.67, 1.49, 5.24
 3.23, 1.76, 4.39
 2.65, 2.23, 5.44
 2.88, 1.94, 5.11
 2.20, 1.27, 4.93
 3.03, 1.60, 4.82
 2.65, 1.53, 4.48
 3.24, 1.15, 4.64
 2.87, 2.72, 5.10
 3.01, 1.64, 4.86
 2.81, 1.42, 4.49
 2.95, 1.90, 5.02
 2.81, 1.49, 5.18
 2.17, 1.50, 4.68
 2.61, 2.01, 5.64
 2.78, 1.90, 4.56
 2.68, 0.60, 4.45
 2.94, 1.89, 5.50
 5.02, 4.07, 3.92
 9.29, 0.18, 3.73
 2.21, 8.88, 2.52
 6.65, 2.29, 3.75
 8.15, 1.92, 4.69
 5.48, 6.61, 5.75
 8.60, 4.01, 1.80
 1.35, 7.57, 2.96
 1.65, 3.82, 0.98
 2.62, 6.58, 5.29
 7.34, 2.82, 3.93
 2.42, 0.39, 2.54
 6.02, 6.76, 5.04
 9.03, 0.49, 1.82
 1.73, 4.84, 4.47
 6.29, 8.04, 2.91
 1.93, 5.47, 3.24
 5.33, 3.02, 0.13
 4.02, 5.48, 4.00
 2.66, 6.71, 3.47
 4.71, 9.92, 2.97
 0.74, 0.89, 5.21
 8.01, 1.75, 3.88
 2.56, 3.33, 4.68
 4.69, 4.99, 1.99
 9.95, 8.88, 0.58
 4.76, 8.51, 3.03
 3.51, 3.52, 1.67
 6.94, 3.93, 3.90
 9.73, 7.55, 2.67
 7.69, 4.28, 0.94
 5.57, 2.90, 3.51
 9.96, 6.41, 3.13
 9.97, 6.37, 0.29
 8.86, 7.94, 3.91
 5.56, 1.88, 4.49
 0.17, 8.79, 5.56
 6.57, 0.84, 3.66
 4.77, 0.42, 0.22
 9.34, 3.31, 0.41
 4.42, 6.85, 4.31
 8.85, 1.03, 4.13
 9.35, 8.80, 5.59
 9.04, 4.54, 2.09
 1.08, 6.70, 4.41
 2.92, 3.86, 4.70
 4.89, 7.79, 0.76
 3.90, 1.33, 5.40
 1.30, 8.77, 3.69
 7.20, 7.11, 3.08
 9.64, 7.04, 1.21
 0.88, 8.30, 4.26
 1.36, 6.52, 3.19
 1.12, 6.44, 3.73
 9.87, 4.73, 3.74
 2.69, 7.45, 2.29
 8.72, 4.85, 4.85
 5.69, 1.34, 4.07
 8.98, 2.31, 1.13
 2.41, 4.06, 5.12
 6.92, 2.62, 5.65
 2.74, 9.01, 1.02
 5.22, 8.84, 4.14
 2.42, 3.01, 0.57
 3.57, 9.08, 1.30
 2.10, 6.06, 2.26
 1.03, 9.49, 4.32
 3.59, 8.52, 3.86
 5.53, 0.71, 0.68
 3.62, 3.75, 4.96
 2.66, 8.48, 3.45
 3.09, 5.17, 1.84
 0.40, 1.49, 3.23
10.00, 9.98, 3.88
 1.06, 4.99, 0.39
 8.18, 0.39, 0.95
 5.07, 9.00, 5.72
 0.83, 3.08, 1.37
 3.55, 3.20, 0.24
 0.19, 9.63, 4.11
 1.58, 3.14, 4.87
 1.39, 2.68, 0.80
 1.37, 1.07, 4.67
 0.30, 2.74, 3.00
 0.69, 8.90, 3.97
 4.72, 9.18, 4.47
 0.47, 0.43, 4.00
 2.13, 3.78, 3.61
 7.23, 6.22, 0.32
 9.26, 4.24, 5.90
 4.54, 0.56, 3.50
 1.16, 4.42, 2.68
 1.11, 0.11, 5.11
 2.74, 3.92, 2.32
 0.48, 3.18, 4.86
 0.23, 4.66, 4.90
 2.48, 8.22, 2.28
 1.70, 7.85, 2.32
 3.39, 9.87, 2.59
 1.96, 7.50, 1.15
 1.02, 7.22, 1.85
 2.93, 8.33, 1.63
 2.14, 8.42, 2.86
 2.01, 8.02, 1.70
 2.36, 8.58, 2.31
 2.32, 7.82, 1.59
 2.39, 8.16, 2.36
 1.79, 7.68, 1.71
 1.93, 7.88, 2.07
 1.65, 8.66, 2.85
 2.18, 7.81, 1.90
 2.73, 8.06, 2.18
 2.38, 8.47, 1.87
 2.11, 8.40, 1.76
 1.31, 7.20, 2.42
 2.50, 8.27, 1.58
 1.86, 7.88, 2.38
 2.91, 8.88, 2.37
 0.63, 7.34, 2.03
 2.13, 8.12, 1.88
 2.47, 7.80, 1.17
 2.67, 8.46, 1.93
 2.27, 8.38, 2.23
 1.65, 7.34, 1.75
 0.46, 6.40, 1.71
 1.94, 7.91, 2.15
 1.94, 8.42, 2.90
 2.33, 8.22, 2.38
 1.99, 7.35, 1.43
 1.34, 7.13, 2.15
 6.99, 8.49, 3.83
 5.64, 8.09, 4.60
 6.94, 8.74, 4.58
 6.63, 7.94, 2.97
 6.20, 7.53, 3.71
 6.50, 8.25, 4.04
 5.55, 7.44, 3.40
 5.94, 7.98, 3.75
 6.13, 8.33, 4.06
 5.79, 8.21, 4.26
 5.57, 8.39, 4.54
 5.91, 7.79, 4.18
 6.08, 7.77, 3.25
 5.74, 7.81, 4.76
 5.73, 7.99, 4.34
 6.67, 8.79, 4.11
 5.83, 8.73, 4.78
 7.31, 8.77, 4.36
 5.79, 9.09, 4.96
 6.20, 7.49, 3.79
 5.62, 7.67, 3.37
 6.25, 8.65, 4.65
 5.57, 7.50, 3.85
 7.74, 8.57, 3.59
 5.81, 7.58, 3.63
 6.52, 7.77, 3.85
 6.26, 7.74, 3.61
 6.23, 8.53, 4.74
 6.97, 8.83, 3.74
 5.91, 7.49, 3.93
 6.54, 8.38, 4.80
 6.20, 8.15, 3.46
 5.71, 7.73, 3.22
 6.63, 8.78, 3.84
 6.24, 7.57, 3.37
 5.33, 7.94, 3.79
 3.34, 4.26, 1.66
 2.49, 4.69, 3.03
 3.87, 4.77, 2.40
 2.98, 4.78, 3.58
 3.50, 5.39, 2.75
 3.48, 6.06, 3.59
 2.35, 4.83, 3.05
 2.73, 4.34, 1.85
 3.17, 4.99, 3.17
 2.51, 4.41, 2.70
 3.01, 5.00, 3.04
 2.76, 5.00, 3.44
 2.25, 4.55, 3.24
 3.50, 4.97, 2.13
 2.64, 5.34, 3.49
 3.36, 5.31, 2.81
 3.28, 6.07, 4.30
 2.29, 5.09, 3.47
 2.56, 4.72, 3.30
 2.82, 5.52, 3.52
 2.79, 4.63, 2.50
 2.98, 5.98, 3.61
 3.74, 5.82, 3.52
 3.17, 5.64, 3.19
 3.25, 4.75, 2.69
 3.60, 5.21, 3.36
 2.01, 4.19, 2.99
 3.11, 4.60, 2.40
 2.59, 4.65, 3.05
 2.49, 3.52, 2.00
 3.46, 5.26, 2.49
 2.64, 4.27, 2.52
 2.24, 5.49, 4.34
 2.15, 4.13, 2.72
 4.03, 4.99, 2.61
 1.67, 4.73, 3.04
 3.17, 5.27, 3.05
 3.11, 5.59, 3.96
 1.75, 4.26, 3.04
 2.75, 5.21, 3.16
 7.27, 4.54, 2.20
 7.10, 5.29, 2.95
 7.26, 4.53, 2.04
 6.35, 3.09, 0.89
 6.15, 4.21, 2.43
 6.52, 4.01, 1.49
 7.03, 4.31, 1.64
 7.42, 4.01, 1.21
 6.87, 4.49, 1.93
 6.88, 4.75, 2.26
 6.97, 3.32, 0.58
 7.25, 4.27, 1.22
 7.40, 3.88, 1.19
 7.55, 4.05, 1.14
 7.07, 4.01, 1.55
 8.32, 4.73, 1.46
 6.49, 3.72, 2.11
 6.48, 3.74, 0.85
 6.87, 3.63, 0.71
 6.80, 4.03, 1.65
 6.22, 3.45, 0.38
 6.14, 3.83, 1.73
 6.62, 4.00, 2.64
 6.86, 3.46, 0.80
 7.83, 3.56, 0.70
 7.16, 3.74, 0.69
 7.09, 4.40, 2.05
 6.87, 3.28, 0.64
 6.79, 3.52, 0.70
 6.20, 3.37, 0.91
 6.46, 3.54, 1.55
 7.15, 4.70, 1.65
 5.54, 3.14, 1.55
 7.24, 5.20, 2.50
 7.49, 4.29, 1.99
 7.54, 4.39, 1.70
 2.41, 1.19, 3.95
 2.66, 1.64, 4.68
 2.22, 1.34, 3.97
 3.74, 2.35, 5.44
 3.46, 2.02, 5.10
 3.12, 1.58, 4.51
 2.60, 0.68, 3.83
 3.15, 2.35, 4.69
 1.49, 0.92, 4.95
 3.03, 2.68, 5.48
 2.91, 1.21, 4.79
 3.33, 2.13, 5.07
 2.62, 2.30, 5.30
 2.73, 2.05, 5.04
 2.76, 1.83, 5.78
 2.88, 2.22, 4.62
 3.17, 2.32, 5.31
 3.89, 2.64, 4.80
 3.64, 1.82, 4.39
 2.97, 1.96, 4.89
 3.14, 2.90, 5.50
 3.63, 1.55, 4.22
 2.66, 1.85, 4.56
 2.94, 2.21, 5.32
 3.02, 2.43, 5.71
 2.19, 1.41, 4.96
 2.95, 2.21, 5.19
 3.71, 2.22, 4.59
 3.11, 2.28, 4.68
 1.83, 1.00, 5.07
 3.30, 1.61, 3.64
 3.75, 1.97, 4.76
 2.73, 2.37, 5.20
 2.64, 1.73, 4.79
 3.37, 2.24, 5.13
 2.64, 1.04, 4.85
 3.06, 1.69, 4.51
 2.54, 1.45, 5.27
 3.53, 3.07, 5.48
 3.77, 3.00, 5.43
 2.25, 0.86, 5.13
 2.63, 1.52, 5.12
 2.81, 1.51, 4.18
 3.03, 2.55, 5.62
 2.24, 1.12, 4.51
 2.35, 0.80, 4.29
 2.24, 0.34, 4.13
 1.59, 6.08, 2.19
 1.22, 6.88, 4.76
 4.13, 8.22, 3.86
 8.12, 9.34, 4.86
 3.78, 5.78, 4.05
 1.95, 6.99, 5.14
 4.67, 6.59, 5.45
 1.10, 0.31, 4.85
 0.52, 9.20, 4.12
 8.93, 9.61, 0.69
 5.81, 8.21, 1.23
 7.65, 1.06, 5.25
 8.23, 6.54, 2.33
 5.72, 2.12, 2.76
 2.53, 1.80, 4.57
 4.49, 1.61, 2.16
 9.06, 2.05, 5.92
 7.13, 2.74, 4.42
 9.77, 5.08, 4.66
 1.05, 9.40, 1.87
 1.76, 6.28, 2.12
 3.51, 4.87, 1.87
 3.76, 9.68, 1.53
 4.33, 2.51, 4.18
 6.36, 1.44, 5.49
 8.81, 7.00, 5.66
 3.31, 8.20, 2.75
 3.59, 5.21, 1.07
 0.21, 4.05, 2.98
 4.63, 4.00, 3.41
 7.97, 6.78, 3.70
 7.17, 7.65, 1.49
 6.30, 3.82, 5.67
 0.16, 6.13, 4.70
 0.80, 0.47, 0.77
 1.68, 9.98, 4.38
 7.81, 4.14, 4.25
 1.74, 1.89, 1.49
 8.16, 7.16, 4.90
 3.26, 2.07, 5.41
 9.77, 6.72, 2.86
 5.46, 5.20, 0.63
 4.47, 8.40, 4.05
 2.58, 9.51, 4.10
 2.65, 8.33, 5.30
 4.78, 9.10, 5.47
 5.58, 4.39, 4.87
 3.42, 6.53, 3.60
 7.18, 9.94, 4.94
 7.48, 6.38, 2.52
 2.80, 4.18, 5.40
 2.95, 1.53, 4.70
 5.81, 4.63, 2.05
 2.78, 2.64, 1.97
 4.90, 1.33, 5.56
 1.38, 7.69, 2.08
 7.90, 7.16, 5.96
 5.78, 5.98, 4.12
 1.20, 3.12, 3.20
 1.54, 6.17, 3.36
 8.96, 4.75, 3.11
 6.75, 7.34, 3.78
 2.00, 3.87, 4.78
 6.43, 9.61, 3.24
 3.93, 5.21, 5.87
 1.40, 8.02, 5.32
 6.34, 2.22, 3.25
 5.47, 3.01, 5.99
 8.51, 3.54, 4.67
 3.26, 4.12, 1.53
 4.66, 4.73, 0.37
 1.43, 5.59, 1.45
 6.12, 8.74, 4.24
 7.65, 2.73, 5.74
 9.88, 8.62, 3.78
 4.55, 9.71, 2.86
 8.57, 1.25, 5.24
 4.94, 0.92, 0.93
 7.01, 7.03, 2.60
 8.69, 5.00, 5.26
 3.83, 6.91, 1.65
 5.17, 7.29, 5.37
 5.40, 7.40, 0.99
 5.75, 0.55, 5.04
 8.57, 2.74, 4.84
 0.50, 1.23, 1.69
 6.85, 7.79, 5.20
 1.20, 7.05, 5.63
 8.81, 9.60, 1.90
 4.59, 4.82, 2.35
 9.70, 8.10, 2.77
 2.10, 0.46, 3.06
 7.00, 6.78, 4.26
 2.70, 0.83, 4.64
 3.70, 4.31, 4.60
 5.53, 6.69, 1.95
 9.99, 2.81, 2.47
 2.07, 8.23, 1.81
 2.83, 9.03, 2.74
 2.27, 8.06, 1.28
 1.81, 7.48, 1.26
 1.35, 7.33, 1.66
 2.70, 7.89, 1.31
 2.00, 8.73, 2.67
 1.36, 7.76, 1.74
 1.50, 8.44, 2.31
 2.76, 8.51, 1.63
 1.94, 7.73, 1.86
 1.38, 7.52, 1.96
 2.51, 8.96, 2.44
 2.74, 7.89, 1.75
 1.54, 7.60, 1.86
 1.18, 7.44, 1.98
 2.44, 8.35, 1.97
 2.66, 8.57, 2.48
 1.78, 7.24, 1.25
 2.08, 7.85, 1.32
 1.87, 8.02, 2.43
 1.74, 7.87, 1.92
 2.34, 8.20, 1.64
 2.99, 7.84, 1.00
 1.94, 8.49, 2.76
 2.67, 9.28, 2.77
 2.45, 7.93, 1.89
 2.32, 8.93, 2.45
 2.28, 8.82, 2.24
 1.75, 7.93, 2.20
 1.81, 8.24, 2.94
 1.65, 7.36, 1.97
 1.44, 7.35, 1.87
 6.31, 8.37, 4.25
 5.90, 9.04, 5.15
 6.68, 7.25, 2.91
 6.17, 8.40, 3.92
 5.49, 8.16, 4.51
 6.69, 7.69, 3.20
 6.73, 8.09, 4.28
 5.23, 6.94, 3.57
 5.50, 8.36, 3.51
 5.65, 7.73, 3.50
 5.41, 7.76, 3.97
 5.57, 7.80, 3.52
 6.20, 7.98, 4.32
 5.05, 8.03, 3.93
 5.69, 7.84, 3.81
 6.19, 9.03, 5.05
 6.45, 8.72, 4.68
 6.39, 8.51, 4.59
 6.30, 7.70, 3.72
 5.74, 8.42, 3.78
 6.43, 8.53, 4.23
 6.08, 7.57, 3.14
 6.55, 9.46, 4.74
 5.79, 7.47, 3.45
 6.09, 8.53, 3.67
 7.00, 8.42, 4.77
 6.52, 8.53, 4.55
 5.78, 8.61, 5.06
 6.27, 8.66, 4.91
 5.66, 6.95, 2.84
 5.96, 7.40, 2.90
 5.33, 7.67, 3.49
 5.95, 7.96, 3.68
 6.73, 8.70, 4.77
 5.89, 8.00, 3.02
 6.94, 9.39, 4.44
 5.74, 7.52, 3.81
 2.55, 5.12, 2.51
 1.86, 4.09, 2.48
 3.85, 5.25, 2.54
 2.83, 4.90, 3.05
 3.13, 5.44, 2.97
 3.41, 5.47, 2.93
 3.25, 5.05, 3.06
 2.95, 4.91, 2.17
 3.16, 5.14, 2.98
 2.43, 5.47, 3.85
 2.60, 4.72, 2.66
 3.08, 5.01, 2.90
 2.58, 4.96, 2.90
 2.55, 5.36, 3.90
 3.37, 5.53, 4.07
 3.42, 5.24, 3.86
 3.61, 5.24, 3.41
 3.48, 6.02, 3.20
 1.60, 3.68, 2.33
 3.08, 5.02, 2.60
 2.82, 5.20, 2.69
 2.13, 4.40, 2.17
 3.35, 5.92, 3.12
 3.70, 5.10, 2.62
 2.64, 3.89, 2.41
 3.56, 5.38, 3.22
 3.51, 5.44, 3.37
 3.22, 5.21, 2.97
 2.44, 4.83, 3.35
 3.64, 5.44, 2.89
 2.84, 4.30, 2.94
 3.63, 4.82, 3.09
 3.36, 4.59, 1.98
 2.18, 3.77, 1.92
 3.55, 5.78, 2.90
 2.97, 5.48, 3.57
 3.67, 5.03, 2.83
 3.64, 6.02, 3.91
 2.77, 5.29, 2.77
 3.28, 4.34, 1.81
 7.17, 3.87, 1.19
 7.26, 4.40, 0.96
 6.51, 3.50, 1.42
 7.84, 4.12, 1.14
 6.89, 4.55, 1.80
 6.56, 3.98, 1.71
 7.91, 4.54, 1.28
 7.61, 4.55, 1.30
 6.17, 3.88, 1.47
 7.43, 4.38, 1.84
 7.04, 4.89, 1.63
 6.12, 2.30, 0.05
 7.75, 4.97, 2.20
 7.46, 4.51, 1.53
 7.17, 4.44, 1.59
 7.47, 3.89, 1.38
 6.37, 3.26, 1.23
 7.27, 4.67, 2.24
 8.13, 5.17, 2.02
 6.32, 3.69, 2.14
 7.62, 4.78, 1.78
 7.37, 4.20, 1.67
 7.09, 3.56, 0.76
 7.31, 4.37, 2.15
 5.99, 4.48, 2.30
 6.80, 4.74, 2.23
 7.75, 4.25, 1.62
 6.71, 3.44, 0.75
 6.51, 3.13, 0.68
 7.36, 4.36, 1.16
 6.87, 3.31, 0.84
 6.57, 3.86, 1.31
 6.64, 3.74, 1.74
 7.11, 4.94, 2.11
 6.73, 3.66, 1.15
 6.90, 4.33, 1.11
 2.40, 1.95, 5.17
 3.51, 1.85, 4.15
 2.42, 1.63, 5.71
 2.72, 2.27, 5.59
 3.12, 2.81, 5.85
 3.03, 1.85, 4.81
 3.26, 2.06, 5.33
 3.95, 3.33, 5.53
 2.41, 1.10, 4.35
 3.01, 1.83, 5.23
 3.17, 1.62, 4.85
 2.36, 1.96, 5.46
 2.84, 1.82, 5.24
 2.57, 1.28, 3.91
 2.74, 1.64, 5.42
 3.28, 2.82, 4.86
 3.13, 1.87, 4.54
 3.82, 2.90, 5.39
 2.77, 1.85, 4.90
 2.54, 1.80, 4.70
 3.65, 2.92, 5.41
 2.73, 2.12, 5.21
 4.01, 2.41, 5.07
 2.37, 1.35, 3.76
 2.02, 0.65, 4.04
 3.34, 2.05, 4.29
 3.38, 2.78, 5.56
 3.25, 2.12, 5.29
 2.75, 2.12, 6.24
 2.33, 1.55, 4.58
 2.09, 2.77, 6.40
 2.99, 2.26, 5.33
 3.36, 1.30, 4.78
 3.43, 2.64, 5.23
 2.67, 1.84, 5.77
 2.76, 1.08, 4.21
 2.98, 2.57, 5.37
 2.57, 1.29, 4.16
 3.41, 2.63, 5.51
 2.39, 2.79, 5.68
 2.71, 1.32, 4.80
 2.73, 1.37, 4.69
 4.22, 2.97, 4.96
 2.96, 2.00, 5.15
 3.90, 2.91, 5.33
 2.44, 1.68, 4.58
 2.35, 0.81, 4.37
 2.04, 5.63, 5.79
 6.61, 2.31, 0.30
 2.88, 6.33, 2.41
 2.78, 2.19, 1.46
 8.69, 5.89, 2.47
 2.80, 4.87, 3.28
 8.00, 8.17, 5.71
 3.18, 1.24, 3.95
 6.46, 0.75, 0.99
 4.18, 8.22, 1.93
 9.38, 7.54, 2.92
 5.34, 5.22, 0.36
 0.92, 6.58, 3.42
 9.30, 9.61, 4.57
 8.90, 2.05, 1.59
 7.20, 4.13, 0.90
 4.78, 2.79, 0.90
 0.72, 1.93, 5.92
 5.33, 1.36, 3.59
 5.29, 2.41, 4.98
 4.21, 4.81, 4.72
 5.49, 4.19, 5.85
 6.84, 5.53, 5.36
 6.01, 5.71, 1.90
 7.55, 5.24, 2.82
 7.55, 8.58, 1.63
 8.47, 4.13, 3.05
 9.37, 7.13, 4.97
 9.68, 1.03, 0.92
 4.27, 6.19, 0.93
 5.91, 2.69, 4.78
 4.66, 4.97, 4.39
 2.70, 0.27, 4.58
 0.60, 5.79, 0.44
 3.20, 1.10, 4.53
 0.67, 1.71, 2.24
 5.52, 9.73, 1.94
 7.81, 3.47, 5.50
 2.20, 7.62, 5.55
 2.93, 5.81, 1.34
 7.99, 5.08, 3.23
 7.48, 8.55, 1.32
 9.10, 5.17, 1.43
 4.57, 4.82, 1.31
 1.65, 3.08, 2.92
 4.84, 8.51, 0.68
 1.19, 6.34, 3.61
 1.86, 6.06, 2.19
 5.57, 5.21, 0.22
 1.92, 2.16, 0.46
 7.97, 7.39, 3.15
 6.69, 1.92, 4.06
 8.80, 8.82, 0.60
 1.19, 9.76, 4.17
 9.66, 0.26, 1.36
 7.75, 9.98, 4.38
 2.71, 2.85, 0.21
 7.52, 9.14, 2.66
 6.00, 3.98, 0.92
 6.94, 5.10, 0.95
 1.94, 7.53, 2.08
 8.05, 1.06, 2.02
 0.25, 2.97, 2.75
 3.61, 9.42, 1.17
 6.83, 1.31, 4.97
 9.50, 8.27, 0.77
 0.48, 1.31, 0.43
 9.94, 2.09, 3.12
 7.55, 6.83, 2.20
 2.43, 7.67, 3.50
 8.61, 0.36, 0.72
 9.12, 9.12, 0.16
 2.79, 4.95, 0.29
 5.60, 4.85, 1.92
 6.70, 9.77, 2.84
 1.06, 7.74, 0.47
 3.70, 2.82, 0.52
 2.74, 3.83, 5.46
 0.15, 9.26, 1.98
 1.42, 9.62, 3.47
 8.87, 6.65, 1.13
 5.77, 4.33, 3.20
 0.62, 1.36, 0.43
 8.77, 7.54, 0.38
 9.37, 7.22, 4.89
 0.42, 0.15, 3.33
 6.60, 9.55, 1.76
 4.08, 0.95, 1.34
 1.36, 6.91, 1.92
 3.27, 0.65, 2.19
 6.17, 9.95, 2.93
 2.73, 2.55, 0.73
 8.73, 8.09, 1.10
 3.27, 5.75, 2.69
 8.68, 7.24, 5.17
 6.48, 7.81, 0.40
 5.78, 0.20, 0.54
 2.05, 8.18, 1.96
 2.12, 7.92, 1.69
 1.84, 8.71, 2.73
 0.78, 7.63, 1.55
 1.80, 8.08, 2.13
 2.48, 8.19, 1.92
 2.81, 8.52, 2.03
 2.10, 7.94, 2.47
 2.89, 8.66, 1.87
 0.88, 7.61, 1.78
 1.72, 7.39, 1.46
 2.23, 7.78, 1.45
 2.39, 8.03, 2.44
 2.00, 7.90, 2.05
 1.72, 7.59, 2.25
 1.98, 8.78, 2.66
 1.75, 8.26, 1.72
 2.56, 8.90, 3.18
 2.60, 9.00, 2.22
 2.65, 8.65, 2.89
 3.00, 8.61, 2.22
 2.67, 8.62, 2.05
 2.23, 8.45, 2.29
 2.31, 7.96, 1.39
 2.94, 8.73, 2.59
 2.22, 7.51, 1.50
 1.91, 8.44, 1.82
 2.41, 8.68, 2.30
 2.05, 7.78, 2.38
 1.65, 7.32, 1.36
 3.28, 8.93, 2.12
 1.57, 7.92, 2.37
 0.45, 6.58, 1.71
 6.10, 7.77, 4.00
 5.63, 7.84, 4.36
 6.84, 9.28, 4.11
 6.24, 7.98, 3.86
 7.34, 9.80, 5.12
 5.15, 6.60, 3.05
 6.22, 7.83, 3.67
 5.79, 7.58, 3.14
 5.07, 7.63, 4.59
 5.53, 7.57, 4.06
 5.36, 7.51, 3.91
 6.67, 8.98, 3.91
 6.05, 8.04, 4.18
 5.72, 7.62, 4.27
 5.53, 7.28, 3.89
 5.42, 7.41, 3.42
 5.94, 8.06, 3.33
 6.23, 7.91, 3.89
 6.27, 7.72, 4.04
 6.26, 9.01, 4.02
 5.71, 8.12, 3.90
 5.36, 8.17, 4.82
 5.80, 7.75, 3.51
 6.30, 9.02, 4.66
 6.88, 8.60, 4.31
 6.28, 8.07, 4.36
 6.05, 7.82, 4.06
 5.95, 7.99, 3.37
 6.03, 8.16, 4.19
 6.30, 7.47, 2.94
 6.30, 8.58, 3.72
 5.56, 7.54, 3.94
 6.28, 8.27, 4.48
 5.85, 7.94, 4.10
 5.30, 7.71, 3.76
 6.80, 8.28, 4.03
 5.59, 8.03, 4.56
 2.75, 5.23, 3.17
 3.33, 5.95, 3.66
 2.66, 4.52, 2.71
 4.04, 5.56, 2.91
 3.03, 4.63, 2.62
 2.29, 4.36, 2.89
 2.79, 4.52, 2.76
 2.60, 5.45, 3.54
 2.89, 5.09, 3.41
 2.29, 4.52, 2.43
 2.83, 4.86, 3.47
 3.31, 5.28, 4.07
 2.68, 4.98, 3.28
 2.74, 4.90, 3.12
 2.90, 4.05, 2.55
 3.41, 5.79, 3.82
 3.44, 5.10, 3.34
 2.99, 4.94, 3.36
 3.83, 5.18, 2.16
 2.61, 4.12, 2.03
 2.54, 5.09, 2.98
 3.28, 5.52, 3.57
 3.23, 4.94, 2.09
 3.15, 4.24, 2.72
 2.63, 4.93, 1.77
 3.48, 5.12, 3.18
 3.43, 5.08, 2.90
 3.00, 4.27, 2.08
 2.14, 4.48, 3.10
 2.12, 4.26, 2.63
 2.34, 4.93, 2.71
 2.91, 4.80, 3.09
 2.93, 5.32, 4.02
 2.56, 4.14, 2.90
 3.10, 5.30, 3.03
 4.27, 5.48, 1.81
 2.37, 3.85, 2.74
 2.81, 5.19, 3.26
 3.19, 5.20, 2.49
 3.51, 5.70, 3.97
 6.91, 3.80, 1.00
 7.68, 4.10, 0.94
 6.88, 4.01, 1.40
 7.33, 4.18, 1.25
 6.51, 3.66, 2.37
 7.52, 4.50, 1.05
 7.42, 4.45, 0.85
 6.78, 3.55, 1.06
 6.48, 3.87, 1.04
 7.23, 4.33, 1.89
 7.91, 4.75, 1.88
 7.16, 3.69, 0.91
 7.04, 4.05, 1.81
 8.33, 4.89, 1.85
 7.07, 4.28, 1.29
 6.33, 3.57, 1.17
 7.15, 4.89, 2.44
 7.33, 4.33, 1.95
 7.04, 3.69, 1.18
 6.75, 4.26, 1.66
 7.06, 4.66, 0.98
 6.28, 3.39, 1.39
 8.21, 4.09, 1.47
 8.56, 5.32, 1.67
 7.45, 4.22, 1.34
 7.25, 4.23, 1.63
 6.36, 3.80, 1.63
 6.67, 3.45, 1.12
 6.94, 4.15, 1.93
 6.78, 4.27, 1.72
 6.70, 4.40, 1.82
 7.03, 4.13, 2.64
 7.16, 5.18, 3.09
 7.30, 3.78, 1.10
 6.86, 3.60, 0.76
 6.78, 3.48, 0.61
 2.15, 0.95, 4.67
 2.57, 1.57, 4.90
 2.53, 2.42, 5.05
 3.30, 2.18, 4.86
 2.99, 2.34, 5.56
 3.04, 1.45, 4.81
 3.32, 1.54, 4.41
 2.51, 1.55, 5.37
 3.70, 2.28, 5.11
 3.50, 3.16, 5.62
 2.75, 2.52, 5.50
 2.16, 1.73, 5.02
 3.55, 2.76, 4.82
 2.21, 1.26, 4.96
 2.26, 1.80, 5.22
 2.34, 1.88, 5.50
 3.13, 1.69, 5.67
 2.98, 2.67, 5.19
 2.43, 1.30, 4.62
 3.05, 2.73, 4.83
 3.42, 2.46, 4.96
 3.79, 2.63, 5.14
 3.45, 1.79, 4.84
 2.68, 1.06, 4.55
 2.93, 2.87, 5.29
 3.25, 1.65, 4.71
 3.40, 1.89, 4.83
 2.00, 1.11, 4.66
 1.44, 1.06, 5.43
 2.64, 1.18, 4.32
 4.40, 2.83, 5.06
 2.65, 1.38, 5.31
 2.51, 1.52, 5.40
 2.34, 1.51, 4.53
 2.92, 1.35, 5.02
 2.65, 1.53, 4.68
 2.62, 2.31, 5.66
 2.44, 2.07, 5.52
 2.67, 2.19, 5.07
 3.04, 2.07, 4.89
 2.48, 1.49, 4.78
 3.06, 1.58, 4.93
 2.74, 1.29, 4.49
 2.52, 2.76, 6.00
 3.44, 2.83, 5.68
 3.51, 2.57, 5.26
 9.30, 3.07, 3.80
 1.14, 6.07, 2.68
 8.36, 4.09, 0.50
 6.64, 8.96, 1.82
 3.83, 4.92, 5.57
 8.60, 9.53, 2.54
 8.64, 4.36, 5.48
 6.82, 6.09, 4.82
 3.58, 9.70, 3.74
 4.75, 8.69, 3.22
 8.05, 5.52, 3.82
 2.96, 3.16, 5.15
 7.56, 6.69, 0.90
 4.73, 6.94, 4.45
 6.78, 7.19, 5.25
 6.86, 9.89, 4.23
 7.26, 0.45, 3.70
 3.62, 4.26, 3.45
 1.01, 9.30, 3.83
 0.67, 1.53, 1.50
 0.11, 1.65, 4.03
 7.45, 7.27, 2.41
 4.95, 7.13, 3.97
 6.12, 8.67, 1.84
 8.69, 8.76, 2.28
 1.75, 3.74, 1.40
 9.21, 5.87, 1.98
 1.34, 0.15, 1.00
 7.12, 1.48, 0.85
 4.30, 5.67, 4.68
 3.46, 2.46, 4.52
 1.14, 8.24, 3.20
 6.89, 3.24, 4.31
 2.75, 0.30, 1.95
 0.20, 3.26, 3.35
 0.78, 9.74, 4.23
 2.94, 1.77, 1.57
 5.65, 7.04, 1.47
 4.77, 2.31, 4.94
 3.60, 7.54, 2.53
 5.59, 8.09, 2.76
 3.76, 8.27, 5.87
 3.16, 5.19, 0.96
 1.27, 3.98, 5.08
 6.30, 8.34, 0.39
 0.49, 8.86, 4.80
 1.60, 4.53, 3.69
 0.68, 6.12, 3.21
 8.46, 4.96, 4.57
 7.60, 6.29, 3.15
 1.90, 4.67, 5.22
 8.88, 2.63, 2.89
 1.09, 5.53, 0.14
 4.43, 8.77, 2.72
 2.92, 5.95, 3.50
 7.89, 8.30, 1.97
 3.24, 8.90, 5.36
 2.89, 0.68, 3.05
 2.66, 7.83, 3.55
 0.61, 3.75, 5.53
 2.63, 5.06, 5.33
 0.93, 7.17, 1.44
 7.22, 6.24, 2.50
 6.74, 8.52, 0.26
 7.99, 7.39, 3.06
 3.08, 9.48, 1.18
 1.89, 7.62, 2.29
 1.65, 3.43, 5.11
 8.70, 3.12, 4.15
 9.41, 5.12, 4.93
 0.36, 1.98, 4.79
 4.94, 5.76, 1.97
 8.32, 6.93, 1.05
 7.40, 5.59, 4.07
 0.18, 5.03, 1.10
 1.71, 6.21, 2.08
 2.62, 3.61, 5.82
 5.76, 6.87, 1.04
 1.51, 3.88, 2.15
 5.75, 2.92, 5.44
 6.59, 6.37, 5.67
 7.93, 6.43, 4.43
 6.31, 7.06, 3.96
 2.20, 6.94, 3.83
 5.72, 1.59, 3.24
 6.61, 5.62, 5.12
 5.29, 1.94, 2.45
 2.93, 4.87, 4.01
 4.93, 7.98, 4.82
 9.65, 1.79, 2.20
 3.70, 1.68, 4.10
 0.79, 0.81, 0.88
 1.80, 9.71, 4.44
 3.77, 1.32, 1.24
 7.65, 6.74, 5.98
 4.25, 1.49, 3.86
 1.17, 4.04, 3.05
 1.63, 8.28, 1.49
 2.52, 8.46, 2.58
 1.81, 7.80, 1.88
 1.14, 7.95, 2.43
 3.26, 8.16, 1.79
 1.66, 8.18, 2.49
 2.34, 9.00, 2.90
 1.92, 8.37, 2.44
 2.68, 8.37, 2.83
 0.87, 7.46, 2.38
 1.63, 8.35, 2.44
 2.45, 8.56, 2.46
 1.45, 7.61, 1.48
 2.49, 8.18, 1.50
 2.01, 7.72, 2.54
 2.08, 8.07, 2.24
 2.67, 8.44, 2.06
 2.80, 9.72, 3.32
 2.16, 8.60, 2.59
 1.97, 7.96, 2.34
 1.85, 7.60, 2.20
 2.12, 8.01, 2.34
 1.73, 7.71, 1.82
 2.31, 8.10, 1.94
 1.93, 7.49, 1.38
 1.53, 8.09, 2.12
 2.37, 9.24, 3.35
 2.52, 8.57, 1.21
 2.74, 8.80, 2.10
 2.51, 6.83, 0.90
 2.75, 9.24, 2.63
 1.38, 7.80, 2.51
 1.71, 7.90, 2.10
 5.32, 7.88, 4.19
 5.53, 7.52, 3.82
 5.62, 7.75, 5.02
 6.16, 7.84, 4.25
 6.18, 7.48, 3.77
 5.82, 8.24, 4.81
 5.25, 7.88, 3.52
 5.90, 7.67, 3.45
 5.39, 7.56, 4.11
 5.14, 7.85, 4.04
 6.47, 8.44, 4.65
 6.35, 7.82, 4.15
 6.05, 7.84, 4.05
 6.07, 8.55, 4.47
 5.93, 7.79, 3.91
 6.41, 7.41, 3.57
 5.36, 6.90, 3.48
 5.63, 7.10, 2.93
 5.99, 8.52, 4.55
 6.36, 8.07, 4.05
 6.09, 8.35, 4.18
 6.55, 8.60, 4.48
 5.84, 7.99, 3.88
 6.66, 8.81, 3.78
 5.90, 6.87, 3.26
 4.51, 6.80, 3.88
 5.84, 8.41, 4.25
 6.06, 8.13, 3.94
 6.05, 8.77, 3.72
 6.75, 7.64, 2.89
 6.25, 7.76, 3.13
 6.17, 7.99, 4.39
 5.68, 7.53, 3.93
 5.82, 7.76, 4.27
 5.38, 7.72, 4.42
 5.64, 7.57, 3.43
 5.82, 7.89, 4.23
 2.24, 4.19, 2.93
 3.00, 4.88, 3.26
 2.88, 5.04, 4.66
 2.80, 4.20, 2.33
 2.51, 4.86, 2.88
 3.59, 4.41, 2.77
 3.03, 5.17, 2.70
 3.12, 5.21, 2.76
 3.29, 5.47, 3.41
 2.64, 4.15, 2.58
 2.46, 5.13, 4.01
 3.48, 5.44, 2.65
 2.16, 3.17, 1.77
 2.80, 5.45, 3.93
 2.97, 4.96, 2.51
 2.25, 5.01, 3.46
 2.79, 6.20, 4.01
 2.62, 4.63, 3.27
 2.31, 4.52, 3.30
 2.04, 4.52, 2.74
 2.35, 5.99, 3.60
 3.04, 4.24, 3.56
 3.14, 4.73, 2.92
 3.21, 5.36, 3.05
 3.17, 5.48, 2.70
 2.99, 4.80, 3.40
 3.27, 4.31, 2.08
 2.98, 5.02, 3.00
 2.69, 4.74, 3.23
 2.30, 4.45, 3.20
 2.30, 4.50, 1.91
 4.64, 5.62, 2.07
 2.54, 4.76, 2.76
 2.58, 5.43, 3.09
 2.53, 4.02, 2.46
 3.02, 5.64, 3.46
 2.60, 5.02, 3.24
 2.65, 4.48, 2.12
 2.84, 4.98, 3.04
 3.58, 5.40, 3.26
 7.44, 3.65, 0.76
 7.85, 5.02, 1.90
 8.01, 4.39, 1.32
 7.04, 4.08, 2.27
 7.55, 4.68, 1.84
 7.69, 4.29, 0.66
 6.12, 3.29, 1.32
 7.33, 4.38, 1.49
 6.90, 4.38, 1.80
 6.91, 4.50, 2.18
 6.74, 3.82, 0.98
 7.63, 4.73, 1.75
 6.08, 3.58, 1.32
 6.09, 3.79, 2.30
 7.71, 4.73, 1.75
 7.19, 4.22, 1.59
 6.31, 3.70, 1.11
 7.85, 5.13, 1.74
 7.45, 4.00, 1.56
 6.13, 3.83, 1.47
 7.10, 4.02, 1.44
 8.07, 4.78, 0.88
 7.12, 4.03, 1.65
 7.48, 4.01, 1.37
 7.41, 4.91, 2.00
 7.11, 4.98, 3.05
 6.55, 4.08, 1.71
 6.81, 3.99, 2.36
 6.83, 4.11, 1.93
 7.06, 4.10, 1.49
 6.77, 3.98, 1.30
 6.60, 4.18, 0.31
 7.40, 4.27, 0.70
 7.49, 4.20, 1.46
 6.89, 3.73, 0.37
 7.37, 4.90, 1.92
 3.62, 1.53, 4.35
 3.50, 2.76, 5.23
 3.42, 2.60, 5.59
 2.88, 1.32, 4.26
 2.71, 2.05, 5.13
 3.06, 2.63, 5.53
 3.08, 1.83, 5.55
 2.90, 2.58, 5.11
 2.22, 1.33, 5.03
 2.92, 2.29, 5.04
 2.88, 1.67, 4.73
 3.54, 2.40, 3.99
 3.06, 2.13, 5.34
 2.36, 1.59, 4.88
 3.85, 3.07, 5.35
 3.00, 2.25, 5.33
 3.24, 2.17, 4.04
 3.11, 2.02, 4.66
 3.69, 3.16, 6.01
 3.21, 2.19, 5.13
 3.44, 1.67, 5.06
 3.15, 1.36, 4.08
 2.06, 1.55, 5.32
 2.48, 1.78, 5.18
 3.15, 2.01, 5.03
 4.36, 3.11, 5.20
 2.92, 1.58, 4.97
 2.66, 3.35, 6.19
 3.01, 2.28, 4.66
 1.62, 0.70, 4.55
 2.67, 0.55, 4.47
 2.74, 2.34, 5.34
 3.45, 3.40, 6.07
 3.42, 2.33, 4.74
 3.67, 3.23, 5.75
 3.02, 2.07, 5.59
 3.28, 2.31, 4.30
 3.21, 2.42, 5.20
 2.88, 0.99, 4.11
 2.99, 1.79, 4.95
 2.21, 1.37, 3.80
 2.91, 2.02, 4.44
 3.31, 2.24, 5.38
 3.60, 1.79, 5.33
 3.16, 1.82, 4.66
 2.29, 1.60, 4.32
 2.45, 8.71, 1.68
 3.63, 1.75, 5.98
 8.11, 6.20, 0.89
 9.32, 7.72, 3.57
 5.94, 1.55, 4.14
 8.41, 1.45, 0.64
 1.36, 8.41, 1.77
 1.62, 8.09, 1.49
 8.27, 5.96, 2.22
 4.10, 7.02, 4.80
 9.39, 6.24, 4.24
 4.18, 9.25, 1.85
 8.11, 0.97, 4.38
 8.85, 8.58, 1.65
 8.57, 8.31, 4.54
 9.55, 0.25, 4.50
 3.21, 4.35, 3.21
 4.49, 4.96, 5.27
 2.55, 7.68, 1.06
 9.64, 5.18, 5.08
 1.65, 8.27, 1.09
 5.01, 2.34, 2.40
 1.43, 1.97, 1.63
 3.04, 1.70, 2.50
 7.26, 6.95, 5.78
 7.42, 4.39, 1.00
 3.59, 9.62, 3.95
 1.14, 4.96, 2.85
 7.09, 6.93, 2.79
 3.12, 7.93, 1.23
 5.11, 8.32, 4.70
 5.90, 8.79, 2.32
 6.33, 4.94, 0.60
 2.96, 7.35, 3.40
 9.09, 9.52, 1.94
 9.11, 5.03, 5.10
 3.46, 0.49, 5.57
 4.26, 5.03, 0.58
 2.09, 3.26, 3.11
 4.28, 0.47, 5.98
 9.96, 7.28, 1.88
 0.70, 2.91, 1.90
 1.65, 4.16, 4.18
 7.76, 6.69, 0.15
 5.53, 1.04, 3.65
 2.57, 4.52, 1.44
 2.34, 1.59, 5.98
 4.14, 2.09, 5.01
 5.14, 6.67, 1.06
 2.52, 1.48, 0.40
 5.90, 5.69, 5.76
 2.77, 6.89, 2.67
 4.36, 5.13, 2.42
 4.84, 4.75, 2.95
 9.30, 5.03, 4.93
 2.76, 6.44, 1.11
 3.93, 6.24, 0.94
 7.97, 5.87, 1.63
 0.90, 4.92, 5.36
 9.30, 3.85, 0.99
 2.88, 8.80, 5.37
 6.59, 8.52, 4.59
 8.47, 7.12, 3.03
 9.00, 3.18, 1.57
 4.65, 4.71, 2.70
 0.73, 6.09, 1.19
 7.31, 0.15, 0.57
 5.24, 9.53, 0.87
 5.43, 3.48, 5.19
 4.00, 9.37, 1.04
 3.45, 3.61, 0.61
 5.70, 3.41, 0.62
 8.03, 1.08, 2.22
 9.73, 5.25, 4.76
 4.56, 3.75, 0.54
 4.01, 7.73, 4.64
 9.32, 1.84, 3.85
 1.38, 2.33, 3.29
 5.31, 4.21, 0.84
 0.97, 6.69, 1.83
 6.09, 4.73, 4.06
 2.50, 1.93, 0.57
 9.41, 4.72, 5.12
 8.77, 2.12, 5.67
 5.84, 0.85, 3.83
 3.52, 6.20, 0.84
 5.34, 5.21, 0.90
 8.02, 5.19, 2.60
 1.64, 2.96, 1.60
 6.14, 3.91, 2.23
 4.73, 6.16, 0.45
 0.73, 7.91, 0.68
 1.16, 0.14, 5.02
 2.89, 4.55, 5.40
 1.10, 4.83, 4.09
 8.59, 6.11, 0.23
 1.07, 6.26, 1.19
 1.82, 8.35, 2.26
 1.30, 6.49, 1.06
 1.88, 7.79, 1.42
 1.93, 7.81, 2.22
 0.64, 6.77, 1.34
 1.52, 7.07, 1.80
 2.09, 8.01, 1.88
 2.28, 8.42, 2.71
 1.72, 8.27, 1.47
 1.89, 8.15, 1.61
 2.45, 8.42, 1.81
 1.73, 7.86, 1.77
 2.81, 8.61, 1.95
 1.91, 8.20, 2.37
 1.03, 7.31, 1.77
 1.22, 8.09, 1.81
 1.61, 7.74, 1.94
 1.98, 8.22, 2.25
 2.52, 8.09, 1.48
 1.78, 7.24, 1.03
 2.41, 8.52, 2.87
 1.85, 8.28, 2.18
 1.15, 7.92, 1.79
 1.81, 7.09, 2.05
 1.53, 8.19, 2.43
 2.13, 7.59, 1.89
 1.82, 8.41, 2.26
 1.68, 8.78, 3.29
 1.78, 7.62, 2.12
 2.29, 8.47, 1.99
 2.68, 8.23, 2.13
 1.79, 8.12, 2.19
 2.53, 8.20, 1.69
 6.41, 8.90, 4.98
 6.67, 8.72, 4.86
 6.33, 8.11, 4.41
 5.66, 7.44, 4.34
 5.93, 7.82, 3.22
 5.10, 7.01, 4.32
 5.67, 8.16, 4.82
 6.41, 8.86, 4.81
 5.31, 7.61, 3.74
 6.23, 8.73, 3.82
 6.05, 8.19, 3.37
 6.56, 8.28, 4.16
 5.44, 7.74, 3.53
 6.21, 8.29, 4.48
 6.12, 8.55, 4.43
 5.65, 7.11, 4.34
 7.08, 8.71, 4.09
 6.40, 8.03, 3.66
 6.43, 7.76, 3.92
 5.73, 7.66, 4.49
 5.38, 6.66, 3.38
 6.41, 8.65, 4.41
 6.02, 7.30, 3.24
 5.01, 7.42, 4.31
 6.08, 8.17, 4.27
 6.07, 6.89, 3.39
 4.84, 7.36, 3.97
 5.89, 7.91, 4.25
 6.01, 8.85, 3.87
 5.73, 7.96, 4.91
 6.64, 8.01, 4.26
 5.48, 7.54, 3.50
 6.25, 8.07, 4.41
 5.75, 7.44, 4.11
 5.94, 7.06, 3.01
 6.79, 8.71, 5.22
 6.32, 8.23, 4.70
 2.05, 4.11, 3.02
 2.54, 5.32, 3.70
 2.10, 4.61, 3.64
 3.19, 4.37, 2.72
 3.51, 5.61, 3.10
 2.89, 5.39, 2.84
 2.50, 5.04, 2.83
 3.32, 4.28, 2.47
 3.34, 4.57, 2.90
 3.67, 5.90, 3.52
 2.62, 5.94, 4.13
 3.13, 5.32, 3.22
 3.66, 5.36, 3.29
 4.42, 5.43, 2.50
 3.85, 5.17, 2.35
 3.03, 4.04, 2.65
 3.81, 5.66, 3.66
 2.13, 2.64, 1.51
 4.23, 5.24, 2.38
 2.79, 4.45, 2.34
 3.57, 4.72, 3.32
 3.29, 4.75, 2.53
 3.12, 3.90, 2.12
 2.02, 4.34, 2.70
 2.55, 4.81, 3.13
 3.69, 5.69, 2.91
 3.21, 5.01, 2.69
 2.67, 4.68, 2.92
 2.89, 4.47, 2.96
 2.81, 5.18, 3.52
 2.92, 5.18, 3.90
 3.18, 5.58, 3.91
 2.69, 5.34, 3.12
 2.49, 4.95, 3.72
 2.81, 5.39, 2.53
 3.30, 4.94, 2.82
 3.49, 5.25, 3.27
 2.96, 4.80, 3.59
 2.97, 5.34, 3.41
 2.31, 4.37, 2.85
 7.33, 4.12, 2.03
 8.21, 5.88, 2.72
 6.87, 3.30, 0.58
 7.23, 3.95, 1.54
 6.60, 4.40, 1.56
 7.25, 4.39, 1.76
 7.61, 3.77, 1.08
 6.45, 4.18, 1.00
 6.53, 2.90, 0.76
 7.20, 4.08, 1.53
 7.54, 3.91, 1.41
 7.25, 4.04, 1.42
 7.50, 4.76, 1.84
 7.16, 4.37, 1.43
 7.18, 4.40, 1.98
 6.99, 3.76, 0.78
 6.78, 3.66, 1.32
 7.92, 4.11, 1.30
 5.48, 2.74, 1.22
 6.46, 4.07, 1.96
 7.44, 4.56, 2.50
 5.84, 3.64, 1.40
 7.90, 5.07, 1.92
 7.30, 4.08, 1.20
 7.05, 4.00, 1.10
 6.94, 4.34, 2.57
 7.09, 4.01, 0.88
 6.82, 4.70, 2.26
 6.59, 4.67, 1.89
 5.92, 3.07, 1.36
 7.16, 3.98, 1.37
 6.31, 3.43, 1.56
 7.42, 4.45, 1.41
 6.96, 3.72, 1.26
 6.35, 3.85, 0.54
 3.43, 2.34, 4.93
 2.13, 0.97, 4.85
 3.43, 2.12, 4.94
 3.90, 2.49, 4.53
 2.39, 1.60, 4.71
 2.43, 2.09, 5.84
 3.62, 2.26, 4.08
 1.93, 1.55, 5.49
 3.48, 1.66, 4.48
 4.17, 2.57, 4.58
 4.08, 3.11, 4.86
 2.68, 2.13, 5.03
 3.49, 2.13, 5.05
 3.63, 2.06, 5.13
 3.78, 1.93, 4.83
 2.68, 1.73, 4.39
 2.87, 1.70, 3.93
 3.16, 1.83, 4.19
 2.70, 2.58, 5.35
 3.39, 1.53, 4.90
 2.18, 1.45, 5.00
 3.78, 3.59, 5.25
 3.41, 2.36, 4.90
 3.06, 2.47, 5.04
 2.67, 1.76, 5.30
 2.96, 2.48, 5.38
 3.30, 2.00, 4.89
 3.02, 1.79, 4.69
 3.59, 2.41, 5.06
 2.36, 1.51, 5.25
 3.48, 2.69, 3.78
 3.29, 2.92, 5.31
 3.58, 2.83, 5.45
 2.19, 2.05, 5.35
 3.54, 2.26, 4.87
 2.53, 1.98, 4.70
 2.92, 2.00, 5.00
 2.26, 1.69, 5.46
 2.37, 1.63, 5.20
 3.26, 2.20, 5.19
 4.02, 3.07, 5.34
 3.32, 2.35, 5.58
 2.29, 1.09, 4.32
 4.28, 2.74, 5.33
 2.38, 1.25, 4.20
 3.12, 2.23, 5.62
 2.40, 1.60, 5.42
 3.94, 3.27, 1.08
 6.62, 6.24, 2.75
 5.60, 0.43, 1.02
 2.62, 2.94, 5.93
 6.77, 4.77, 1.60
 3.37, 8.47, 5.71
 6.09, 2.66, 4.28
 9.04, 3.62, 0.90
 1.84, 5.08, 5.07
 5.69, 3.55, 1.75
 3.07, 5.01, 4.14
 5.15, 2.26, 5.36
 0.97, 9.20, 5.08
 4.51, 2.71, 5.28
 3.08, 7.82, 2.89
 2.10, 8.55, 5.32
 0.93, 7.50, 4.42
 5.93, 1.95, 4.95
 5.40, 0.37, 3.13
 8.37, 5.98, 3.91
 9.10, 4.56, 0.99
 9.23, 2.26, 5.70
 9.29, 1.06, 3.42
 1.89, 9.50, 3.83
 5.29, 6.03, 1.39
 7.62, 4.40, 1.74
 2.95, 1.27, 2.39
 1.36, 9.63, 5.35
 5.08, 5.23, 0.33
 7.65, 7.87, 3.26
 1.74, 5.86, 4.26
 3.38, 6.43, 4.11
 0.54, 1.15, 2.22
 3.39, 4.14, 5.28
 9.23, 6.21, 3.03
 8.51, 0.90, 3.19
 9.84, 0.61, 4.46
 4.68, 3.47, 0.29
 3.18, 0.13, 0.40
 9.27, 2.69, 5.82
 2.01, 8.91, 3.06
 7.51, 6.61, 2.41
 3.69, 0.33, 3.48
 1.32, 4.68, 1.49
 0.14, 1.77, 3.47
 3.82, 1.20, 0.93
 2.57, 3.57, 4.45
 3.92, 1.80, 5.50
 6.55, 2.20, 4.46
 7.12, 4.87, 0.76
 3.12, 2.11, 2.04
 0.60, 6.44, 1.72
 9.92, 0.70, 4.57
 4.02, 7.22, 2.07
 5.36, 6.81, 0.55
 9.07, 8.57, 4.58
 2.35, 6.68, 3.36
 9.93, 7.62, 5.90
 7.90, 7.88, 4.73
 8.21, 9.10, 5.38
 3.59, 8.69, 2.67
 2.98, 6.46, 3.54
 2.01, 9.71, 1.52
 9.14, 6.68, 2.59
 1.99, 6.52, 4.73
 5.23, 2.55, 3.86
 3.97, 6.75, 5.79
 5.92, 0.80, 3.56
 5.44, 2.89, 0.55
 1.07, 2.81, 3.98
 6.05, 3.65, 5.63
 3.00, 6.28, 1.49
 0.91, 5.05, 0.71
 2.23, 2.25, 5.11
 4.04, 7.76, 3.79
 8.30, 6.18, 4.83
 3.29, 0.82, 3.57
 1.94, 5.82, 5.61
 3.96, 4.64, 5.60
 6.32, 0.83, 0.56
 7.75, 9.16, 0.36
 8.20, 2.65, 0.21
 0.66, 2.88, 4.76
 5.64, 2.25, 2.23
 4.38, 5.09, 5.34
 0.74, 0.79, 0.59
 3.24, 7.58, 2.92
 6.54, 5.63, 5.94
 1.61, 2.28, 4.90
 1.36, 2.76, 5.79
 7.11, 5.10, 3.22
 2.52, 2.18, 3.23
 4.04, 0.27, 0.14
 9.53, 3.48, 4.83
 9.81, 6.54, 4.01
 8.49, 7.32, 2.79
 1.76, 2.45, 5.67
